"Title:","Vehicles in Fatal Crashes, by Vehicle Make / Model Year from the Fatal Traffic Accidents: Vehicles Involved Database"
"SubTitle:","USA - Model: All Models - Vehicle Year: All Vehicle Years"
"Time:","01/1975 - 12/2020"
"Unit of Measure:","#","#","#","#","#","#","#","#","#","#","#","#","#","#","#","#","#","#","#","#","#","#","#","#","#","#","#","#","#","#","#","#","#","#"
"Citation:","National Highway Traffic Safety Administration (2022-05-06). Fatal Traffic Accidents: Vehicles Involved: Vehicles in Fatal Crashes, by Vehicle Make / Model Year | Automobiles | Motorcycles | Acura | Alfa Romeo | AM General | American Motors | Audi | Austin/Austin Healey | BMW | Brockway | BSA | Buick/Opel | Cadillac | Chevrolet | Chrysler | Daewoo | Datsun/Nissan | Diahatsu | Diamond Reo/Reo | Dodge | Eagle | Fiat | Ford | Freightliner | FWD | GMC | Honda | Hyundai | Imperial | Jaguar | Ducati | Harley-Davidson | All Models | All Vehicle Years, 01/1975 - 12/2020. Data Planet? Statistical Datasets: A SAGE Publishing Resource. (Dataset). Dataset-ID:  023-004-006 doi:https://doi.org/10.6068/DP1845C91683D15"
"ColumnCount:",35
"RowCount:",552

"Time","Automobiles, Acura, All Models, All Vehicle Years, #","Automobiles, Alfa Romeo, All Models, All Vehicle Years, #","Automobiles, AM General, All Models, All Vehicle Years, #","Automobiles, American Motors, All Models, All Vehicle Years, #","Automobiles, Audi, All Models, All Vehicle Years, #","Automobiles, Austin/Austin Healey, All Models, All Vehicle Years, #","Automobiles, BMW, All Models, All Vehicle Years, #","Automobiles, Brockway, All Models, All Vehicle Years, #","Automobiles, BSA, All Models, All Vehicle Years, #","Automobiles, Buick/Opel, All Models, All Vehicle Years, #","Automobiles, Cadillac, All Models, All Vehicle Years, #","Automobiles, Chevrolet, All Models, All Vehicle Years, #","Automobiles, Chrysler, All Models, All Vehicle Years, #","Automobiles, Daewoo, All Models, All Vehicle Years, #","Automobiles, Datsun/Nissan, All Models, All Vehicle Years, #","Automobiles, Diahatsu, All Models, All Vehicle Years, #","Automobiles, Diamond Reo/Reo, All Models, All Vehicle Years, #","Automobiles, Dodge, All Models, All Vehicle Years, #","Automobiles, Eagle, All Models, All Vehicle Years, #","Automobiles, Fiat, All Models, All Vehicle Years, #","Automobiles, Ford, All Models, All Vehicle Years, #","Automobiles, Freightliner, All Models, All Vehicle Years, #","Automobiles, FWD, All Models, All Vehicle Years, #","Automobiles, GMC, All Models, All Vehicle Years, #","Automobiles, Honda, All Models, All Vehicle Years, #","Automobiles, Hyundai, All Models, All Vehicle Years, #","Automobiles, Imperial, All Models, All Vehicle Years, #","Automobiles, Jaguar, All Models, All Vehicle Years, #","Motorcycles, American Motors, All Models, All Vehicle Years, #","Motorcycles, BMW, All Models, All Vehicle Years, #","Motorcycles, BSA, All Models, All Vehicle Years, #","Motorcycles, Ducati, All Models, All Vehicle Years, #","Motorcycles, Harley-Davidson, All Models, All Vehicle Years, #","Motorcycles, Honda, All Models, All Vehicle Years, #"
"01/1975",,,,154,2,,,,,360,90,1734,116,,84,,,390,,18,1598,,,,48,,6,,,,,,,
"02/1975",,,,146,6,,,,,342,102,1622,104,,88,,,360,,18,1392,,,,64,,,,,,,,,
"03/1975",,,,176,6,,,,,372,112,1856,92,,102,,,434,,18,1694,,,,68,,10,,,,,,,
"04/1975",,,,168,8,,,,,330,114,1810,112,,102,,,406,,26,1578,,,,104,,2,,,,,,,
"05/1975",,,,202,4,,,,,432,130,2162,102,,114,,,484,,18,1886,,,,172,,6,,,,,,,
"06/1975",,,,154,10,,,,,408,136,2246,118,,128,,,532,,26,1824,,,,204,,8,,,,,,,
"07/1975",,,,184,10,,,,,366,156,2342,122,,134,,,512,,34,1980,,,,210,,8,,,,,,,
"08/1975",,,,192,4,,,,,364,142,2384,122,,130,,,532,,24,2002,,,,166,,4,,,,,,,
"09/1975",,,,188,,,,,,414,134,2174,120,,158,,,536,,22,1912,,,,198,,10,,,,,,,
"10/1975",,,,136,8,,,,,478,128,2190,128,,110,,,528,,20,1954,,,,146,,4,,,,,,,
"11/1975",,,,208,4,,,,,446,144,2336,110,,132,,,498,,30,1976,,,,128,,8,,,,,,,
"12/1975",,,,174,8,,,,,428,134,2280,100,,144,,,534,,32,1914,,,,80,,,,,,,,,
"01/1976",,,,164,4,,,,,348,110,1704,82,,90,,,420,,28,1488,,,,46,,,,,,,,,
"02/1976",,,,150,6,,,,,274,122,1762,114,,86,,,370,,20,1594,,,,74,,6,,,,,,,
"03/1976",,,,178,10,,,,,320,124,1758,102,,90,,,384,,26,1554,,,,106,,2,,,,,,,
"04/1976",,,,148,2,,,,,398,104,2026,96,,128,,,456,,22,1670,,,,112,,8,,,,,,,
"05/1976",,,,196,4,,,,,404,132,2228,112,,146,,,498,,22,1962,,,,206,,,,,,,,,
"06/1976",,,,202,10,,,,,362,138,2082,114,,150,,,464,,30,1856,,,,144,,6,,,,,,,
"07/1976",,,,230,8,,,,,400,134,2414,170,,216,,,528,,20,2158,,,,228,,6,,,,,,,
"08/1976",,,,202,14,,,,,416,118,2296,118,,168,,,574,,40,2114,,,,246,,,,,,,,,
"09/1976",,,,208,12,,,,,424,120,2210,156,,140,,,480,,30,1944,,,,188,,4,,,,,,,
"10/1976",,,,230,14,,,,,456,160,2352,172,,180,,,540,,38,1986,,,,144,,6,,,,,,,
"11/1976",,,,184,10,,,,,348,120,2092,100,,130,,,444,,30,1840,,,,122,,4,,,,,,,
"12/1976",,,,194,16,,,,,466,156,2324,134,,166,,,510,,28,1936,,,,114,,6,,,,,,,
"01/1977",,,,150,4,,,12,4,282,132,1526,108,,138,,6,358,,18,1438,10,2,142,104,,4,,,,,,,
"02/1977",,,,152,12,,4,8,2,292,76,1618,86,,144,4,8,406,,22,1538,10,,148,96,,4,,,,,,,
"03/1977",,,,140,16,,20,6,2,334,118,1894,124,,144,4,10,474,,34,1890,16,2,166,188,,10,,,,,,,
"04/1977",,,,192,14,,14,10,8,372,138,2114,124,,122,12,10,430,,42,1834,8,,162,268,,2,,,,,,,
"05/1977",,,,200,8,,26,10,8,378,134,2308,152,,154,8,14,504,,18,1946,10,,202,378,,2,,,,,,,
"06/1977",,,,214,14,,14,10,8,392,136,2378,130,,206,6,8,556,,34,1992,4,,216,392,,6,,,,,,,
"07/1977",,,,212,16,,18,12,2,502,100,2620,138,,224,10,10,584,,32,2280,10,,242,602,,8,,,,,,,
"08/1977",,,,268,16,,34,14,6,358,118,2598,136,,180,4,16,596,,38,2224,16,,224,416,,4,,,,,,,
"09/1977",,,,218,18,,24,2,12,412,128,2278,148,,170,2,14,570,,18,1972,12,2,230,346,,8,,,,,,,
"10/1977",,,,250,24,,32,12,2,498,102,2570,138,,198,,12,554,,26,2296,2,,244,294,,,,,,,,,
"11/1977",,,,248,16,,18,8,4,428,148,2344,130,,186,,8,508,,24,2200,12,,246,196,,4,,,,,,,
"12/1977",,,,250,10,,14,2,4,420,154,2480,160,,214,,4,576,,22,2156,14,,270,130,,4,,,,,,,
"01/1978",,,,134,10,,12,6,4,248,108,1620,110,,132,,2,368,,26,1438,22,,188,94,,2,,,,,,,
"02/1978",,,,150,10,,8,2,2,262,130,1466,100,,156,,4,396,,10,1450,4,,192,116,,6,,,,,,,
"03/1978",,,,172,6,,12,6,4,372,134,2030,132,,178,,6,454,,32,1774,20,,224,158,,4,,,,,,,
"04/1978",,,,146,10,,16,4,10,342,134,2272,118,,204,2,4,530,,28,1982,20,,224,312,,2,,,,,,,
"05/1978",,,,174,8,,18,10,6,410,164,2396,148,,268,14,14,538,,32,1928,24,,240,456,,12,,,,,,,
"06/1978",,,,200,14,,18,2,8,430,174,2474,146,,214,8,12,614,,30,2216,28,,254,510,,2,,,,,,,
"07/1978",,,,144,18,,16,2,12,418,152,2652,142,,260,12,4,632,,38,2230,26,,256,562,,4,,,,,,,
"08/1978",,,,174,8,,24,12,20,416,178,2782,150,,240,4,8,612,,44,2268,10,,264,548,,2,,,,,,,
"09/1978",,,,162,14,,20,6,8,438,156,2770,110,,242,4,10,610,,46,2328,14,,274,458,,6,,,,,,,
"10/1978",,,,184,14,,32,10,10,446,162,2730,160,,242,2,12,536,,30,2392,30,,248,310,,,,,,,,,
"11/1978",,,,184,22,,18,4,6,456,130,2560,160,,200,,4,568,,36,2296,24,,252,226,,,,,,,,,
"12/1978",,,,216,12,,16,4,14,486,172,2646,160,,238,,10,562,,58,2308,28,,230,202,,12,,,,,,,
"01/1979",,,,134,22,,8,8,,358,138,1774,96,,194,,4,398,,26,1582,16,,236,122,,,,,,,,,
"02/1979",,,,110,20,,12,4,6,302,110,1846,94,,156,2,8,468,,22,1686,34,,230,122,,4,,,,,,,
"03/1979",,,,192,16,,12,10,8,404,156,2374,118,,236,2,12,504,,30,1948,20,,232,264,,2,,,,,,,
"04/1979",,,,140,12,,18,4,10,392,144,2392,134,,268,2,4,504,,32,1880,18,,228,350,,6,,,,,,,
"05/1979",,,,156,10,,18,2,12,354,116,2346,116,,248,6,4,486,,38,1962,34,,290,478,,6,,,,,,,
"06/1979",,,,166,8,,32,,20,342,128,2240,110,,266,6,10,538,,42,2018,20,,284,520,,4,,,,,,,
"07/1979",,,,156,14,,24,4,16,380,138,2406,128,,262,4,20,548,,14,2064,22,,290,516,,2,,,,,,,
"08/1979",,,,158,20,,24,6,34,358,130,2436,128,,238,6,8,554,,26,2230,42,2,296,542,,2,,,,,,,
"09/1979",,,,148,14,,26,6,22,442,140,2616,130,,218,2,8,560,,38,2234,40,4,244,430,,8,,,,,,,
"10/1979",,,,172,18,,18,6,18,446,200,2716,146,,248,8,8,588,,38,2160,44,,238,276,,4,,,,,,,
"11/1979",,,,182,6,,12,10,18,448,134,2516,178,,226,,4,632,,32,2150,50,,254,198,,10,,,,,,,
"12/1979",,,,166,18,,34,6,8,444,194,2706,156,,306,4,6,646,,28,2330,32,2,302,220,,4,,,,,,,
"01/1980",,4,,136,16,,16,4,8,340,96,1916,112,,214,2,6,466,,20,1784,48,,200,128,,8,4,,,,,,
"02/1980",,4,,108,2,2,6,2,6,336,128,1872,86,,214,,2,432,,26,1556,38,2,222,166,,10,,,,,,,
"03/1980",,,,154,10,4,20,6,8,364,108,2024,124,,240,2,2,456,,32,1758,18,,208,218,,6,2,,,,,,
"04/1980",,6,,134,10,4,10,4,12,346,118,1920,142,,240,,4,406,,34,1792,34,,238,342,,6,4,,,,,,
"05/1980",,4,,136,12,2,30,,22,356,152,2368,142,,272,6,8,450,,32,2034,50,,270,522,,4,4,,,,,,
"06/1980",,6,,142,14,4,38,2,32,378,140,2534,168,,342,2,12,524,,44,2156,28,,236,536,,2,,,,,,,
"07/1980",,2,2,140,14,4,30,,24,364,144,2486,128,,306,8,4,528,,22,2062,42,,336,580,,,6,,,,,,
"08/1980",,,,150,26,2,42,2,34,468,186,2930,130,,332,6,6,528,,22,2222,60,2,268,590,,8,2,,,,,,
"09/1980",,2,,154,10,2,32,2,20,352,136,2482,174,,260,4,2,576,,30,1990,38,,274,458,,,,,,,,,
"10/1980",,,,136,24,,22,6,16,456,170,2372,134,,270,2,12,528,,30,2040,78,,248,286,,6,6,,,,,,
"11/1980",,2,,150,6,,20,6,14,432,144,2358,140,,312,,14,508,,40,2046,62,2,262,228,,4,4,,,,,,
"12/1980",,2,,158,36,4,20,4,4,412,176,2444,120,,294,,4,570,,28,2032,36,,270,172,,,,,,,,,
"01/1981",,2,2,160,16,2,30,6,10,330,132,2064,136,2,222,,6,400,,22,1732,68,,228,154,,2,4,,,,,,
"02/1981",,2,2,128,18,,30,4,2,352,142,1852,96,,246,2,6,434,,24,1654,54,,224,206,,2,2,,,,,,
"03/1981",,4,2,120,8,2,12,2,10,324,140,2064,136,4,252,4,2,498,,50,1766,36,,166,272,,6,4,,,,,,
"04/1981",,6,,144,8,2,12,,6,364,138,2154,106,,302,,4,462,,24,1752,46,,206,342,,2,2,,,,,,
"05/1981",,2,,156,16,4,12,2,8,368,152,2200,116,2,270,4,6,472,,34,1892,64,,212,378,,6,2,,,,,,
"06/1981",,2,8,140,14,2,38,8,14,348,128,2222,134,4,342,8,4,522,,40,1840,88,,258,436,,2,4,,,,,,
"07/1981",,2,,162,26,2,36,8,22,376,170,2424,144,8,350,4,4,530,,22,1982,70,,262,560,,6,6,,,,,,
"08/1981",,4,2,180,20,4,26,,10,402,146,2434,138,,292,4,2,572,,38,2170,80,,296,588,,2,2,,,,,,
"09/1981",,4,2,132,14,,24,4,12,366,170,2144,122,2,296,6,6,548,,28,1984,78,,250,476,,4,2,,,,,,
"10/1981",,2,,120,28,2,22,,12,412,156,2402,132,,298,4,6,516,,16,1994,84,,236,294,,2,,,,,,,
"11/1981",,,,104,16,4,16,4,10,430,146,2234,124,4,234,2,10,526,,28,1906,66,,234,240,,2,2,,,,,,
"12/1981",,2,2,160,16,4,22,2,6,444,164,2256,152,,278,,10,532,,20,1956,72,,270,200,,4,,,,,,,
"01/1982",,,2,112,6,4,14,2,2,282,106,1700,84,,268,2,6,366,,20,1412,66,,194,156,,4,2,,,,,,
"02/1982",,2,,98,12,2,18,2,6,302,110,1580,104,4,212,,2,334,,22,1254,40,,214,194,,,2,,,,,,
"03/1982",,2,,142,26,2,24,6,6,320,106,1820,132,2,274,,6,420,,16,1550,66,,214,244,,4,6,,,,,,
"04/1982",,2,2,104,10,2,28,2,6,358,130,1974,114,,246,4,2,420,,22,1562,74,,206,294,,10,2,,,,,,
"05/1982",,4,4,108,6,,20,2,16,352,138,2020,98,2,294,,,462,,26,1612,48,2,222,478,,,2,,,,,,
"06/1982",,2,2,130,20,2,30,,14,316,130,2080,88,,314,6,4,392,,26,1690,68,2,198,410,,,,,,,,,
"07/1982",,2,2,142,8,4,46,2,18,350,94,2130,124,,316,4,10,482,,36,1798,74,,238,474,,,6,,,,,,
"08/1982",,,6,116,18,2,24,4,18,370,110,2122,106,,296,,6,478,,18,1886,68,,250,498,,4,,,,,,,
"09/1982",,,,134,22,2,34,2,24,330,112,2176,134,,284,2,12,446,,32,1702,62,,230,390,,2,4,,,,,,
"10/1982",,6,,142,14,,26,4,24,410,136,2234,120,,320,2,,464,,24,1868,88,,286,306,,6,2,,,,,,
"11/1982",,,4,114,8,,18,4,4,366,154,1948,84,,304,2,4,478,,22,1590,68,,216,198,,2,4,,,,,,
"12/1982",,,,122,16,,28,2,8,364,130,2100,120,,330,,2,490,,10,1728,72,,206,218,,4,2,,,,,,
"01/1983",,,6,88,14,,16,2,8,274,116,1546,116,2,260,,4,346,,16,1434,46,,208,198,,4,4,,,,,,
"02/1983",,2,4,78,14,,18,2,4,300,110,1552,106,2,216,2,2,386,,18,1306,78,,196,172,,,,,,,,,
"03/1983",,4,2,106,16,,30,8,8,366,126,1614,90,,260,4,4,344,,8,1514,66,2,216,196,,,2,,,,,,
"04/1983",,,,118,4,,24,2,4,358,106,1798,86,2,292,2,2,348,,16,1530,48,2,154,312,,2,2,,,,,,
"05/1983",,2,4,134,16,4,24,,4,330,112,1884,106,,314,,4,412,,14,1608,64,,236,410,,,,,,,,,
"06/1983",,4,,98,8,2,28,4,10,328,110,1908,136,,324,2,4,432,,30,1686,72,,222,426,,,,,,,,,
"07/1983",,,6,134,16,,32,2,22,352,126,2150,120,2,290,,4,448,,18,1814,94,,276,562,,,2,,,,,,
"08/1983",,,2,104,26,,22,6,18,354,112,2150,102,,366,4,4,450,,28,1802,86,,248,550,,,4,,,,,,
"09/1983",,2,2,110,16,2,26,,12,380,144,2018,134,10,300,4,4,434,,22,1730,66,,264,464,,4,6,,,,,,
"10/1983",,4,2,122,24,,18,,6,450,168,2262,116,2,312,,4,514,,26,1704,82,,270,368,,,4,,,,,,
"11/1983",,4,,96,26,2,16,,2,388,144,1992,114,,316,2,,410,,28,1740,84,,286,230,,,2,,,,,,
"12/1983",,2,6,152,24,2,12,4,10,394,136,1998,160,,384,,2,444,,14,1596,86,2,238,238,,2,8,,,,,,
"01/1984",,2,,104,10,,14,6,4,276,106,1530,108,2,246,,6,394,,20,1450,68,,164,206,,2,8,,,,,,
"02/1984",,2,2,98,18,,18,,2,274,98,1562,118,2,248,,4,362,,10,1292,88,,168,234,,,,,,,,,
"03/1984",,6,,96,18,,22,,8,332,128,1772,110,,288,,2,400,,18,1510,80,,208,300,,2,4,,,,,,
"04/1984",,6,2,100,10,,22,,6,358,126,1672,108,2,336,4,6,370,,16,1456,72,,196,308,,,2,,,,,,
"05/1984",,2,2,92,14,4,30,2,18,348,120,1850,136,2,296,2,2,440,,20,1790,80,,264,500,,8,2,,,,,,
"06/1984",,6,6,126,16,2,28,2,18,382,146,2012,98,2,348,,,486,,10,1818,74,2,298,558,,4,6,,,,,,
"07/1984",,2,2,96,18,,28,,8,342,168,2086,112,,370,2,4,502,,24,1874,104,,280,568,,,2,,,,,,
"08/1984",,4,,136,20,,26,,14,390,140,2092,114,2,358,,2,540,,28,1766,102,4,246,638,,6,4,,,,,,
"09/1984",,4,4,120,16,2,34,2,10,362,142,2178,120,,376,,6,476,,22,1784,92,,268,578,,6,10,,,,,,
"10/1984",,2,,118,14,,24,10,8,420,116,2126,142,,394,,4,524,,16,1808,102,,244,398,,,4,,,,,,
"11/1984",,,,98,16,,30,,4,382,124,2036,108,,424,,6,452,,14,1888,74,,250,268,,,4,,,,,,
"12/1984",,2,2,108,28,4,10,,12,410,134,2016,144,,350,,2,476,,24,1780,90,,264,360,,4,,,,,,,
"01/1985",,,6,100,14,2,20,2,2,354,122,1652,110,,294,2,4,370,,14,1438,116,,226,176,,4,2,,,,,,
"02/1985",,4,,82,14,,24,2,4,338,100,1552,86,2,228,,6,328,,20,1334,52,,208,220,,4,4,,,,,,
"03/1985",,2,4,88,22,,18,,6,384,108,1796,92,,344,2,2,398,,16,1398,78,,232,374,,,8,,,,,,
"04/1985",,,,90,14,,32,4,6,300,136,1884,122,,348,,8,444,,2,1574,82,,156,494,,2,,,,,,,
"05/1985",,4,6,110,18,,26,2,10,330,162,2020,142,,380,2,10,460,,10,1762,88,,246,590,,6,10,,,,,,
"06/1985",,2,4,78,12,2,32,,6,372,156,2208,114,2,428,6,4,420,,20,1762,80,,306,620,,,2,,,,,,
"07/1985",,2,,90,16,,28,4,20,406,102,2118,98,2,374,2,8,494,,16,1700,116,2,276,692,,2,10,,,,,,
"08/1985",,,6,110,24,2,38,4,16,428,138,2170,116,4,382,2,,496,,16,1892,112,2,300,588,,2,2,,,,,,
"09/1985",,2,,68,12,,22,,8,362,112,2068,102,,328,,,422,,14,1878,118,2,288,488,,6,8,,,,,,
"10/1985",,,,90,14,,44,,12,396,148,2108,134,,392,,2,428,,28,1824,110,,238,428,,4,,,,,,,
"11/1985",,4,,114,12,,28,6,4,384,106,2074,128,2,388,,6,476,,20,1860,104,,260,308,,2,,,,,,,
"12/1985",,2,4,70,18,2,24,2,,392,130,1916,126,,384,,4,476,,14,1754,68,2,228,238,,,,,,,,,
"01/1986",,,,66,8,2,22,,4,324,98,1776,78,,378,,4,390,,10,1444,74,,252,226,,2,2,,,,,,
"02/1986",,,,68,10,,20,,4,280,108,1544,98,,250,,2,338,,12,1306,74,,200,218,,,2,,,,,,
"03/1986",,2,,66,16,,16,,4,412,112,1798,116,,356,,8,430,,6,1564,94,,234,354,,,4,,,,,,
"04/1986",,,,74,28,,34,,8,380,118,1914,140,2,326,,,416,,16,1646,106,,228,406,,6,2,,,,,,
"05/1986",,4,4,92,18,,42,2,12,462,140,2090,158,,402,2,10,478,,20,1900,108,,256,536,,,2,,,,,,
"06/1986",,,4,100,20,,28,4,12,408,134,2144,138,,432,,8,506,,16,1944,92,,280,598,,,10,,,,,,
"07/1986",,4,2,102,24,2,38,,12,374,144,2180,148,,434,,2,538,,18,1906,128,,246,704,,,,,,,,,
"08/1986",,6,2,72,28,4,20,2,14,476,176,2426,142,6,472,,4,578,,18,2046,118,,326,636,,2,6,,,,,,
"09/1986",,,6,104,20,2,34,,10,382,164,2086,148,2,366,,6,490,,16,1746,98,2,280,488,,2,4,,,,,,
"10/1986",,4,2,82,20,,32,4,4,394,138,2190,174,2,428,,,574,,10,1908,70,,290,386,,4,2,,,,,,
"11/1986",,6,2,72,18,2,34,,,434,144,2102,142,,434,,,564,,8,1786,80,,274,384,,2,6,,,,,,
"12/1986",,2,6,72,10,2,20,,6,388,170,2042,156,,400,,4,526,,10,1810,90,,278,314,,2,2,,,,,,
"01/1987",,,,64,20,,34,2,2,350,102,1712,110,2,410,,2,438,,8,1474,82,2,248,238,,4,2,,,,,,
"02/1987",,,,60,18,,20,,6,304,106,1624,144,,324,,2,354,,8,1420,82,,218,244,,,2,,,,,,
"03/1987",,4,2,64,14,,20,2,4,358,106,1824,102,2,398,,,446,,6,1470,94,,200,338,,2,6,,,,,,
"04/1987",,2,4,46,24,2,32,,,352,160,1902,110,4,404,,,428,,12,1518,56,,218,412,,,2,,,,,,
"05/1987",,2,6,60,24,2,40,2,2,394,168,2022,148,2,462,2,2,480,,24,1774,82,,234,584,,2,6,,,,,,
"06/1987",,2,6,74,22,,36,2,14,398,144,2144,132,2,416,2,4,530,,24,1822,102,,266,574,,,2,,,,,,
"07/1987",,2,,78,14,,26,4,14,402,140,2090,138,4,406,,6,576,,10,1932,94,,310,612,,,2,,,,,,
"08/1987",,4,2,66,22,,42,2,8,422,150,2456,130,,536,4,,534,,12,2168,118,,350,596,,,14,,,,,,
"09/1987",,6,,56,20,2,48,,16,416,132,2204,150,2,448,,6,490,,10,1912,114,,282,514,,4,2,,,,,,
"10/1987",,2,,80,34,2,38,4,4,486,172,2390,156,,442,,4,602,,12,2120,98,,288,484,,,6,,,,,,
"11/1987",,,4,52,14,,46,,2,440,160,2266,146,,442,2,2,492,,12,1988,108,,266,350,,2,,,,,,,
"12/1987",,2,4,48,14,,28,4,4,438,152,2168,160,,430,,4,560,,16,1960,118,2,284,338,,,8,,,,,,
"01/1988",,,,52,22,,28,,4,298,126,1728,128,,402,,2,430,,4,1544,88,,216,214,,,6,,,,,,
"02/1988",,4,,50,22,,34,,,310,124,1664,124,,346,,,368,,2,1378,112,,266,274,,2,,,,,,,
"03/1988",,2,,52,16,2,42,4,,350,130,1804,140,2,394,,2,434,,6,1740,130,2,258,348,,,8,,,,,,
"04/1988",,6,,54,26,,38,2,8,350,112,2012,116,4,406,,,472,,4,1734,102,,250,428,,2,12,,,,,,
"05/1988",,2,2,44,18,,38,,4,400,132,2022,124,2,474,,2,500,,6,1928,98,,256,510,,2,4,,,,,,
"06/1988",,2,,64,10,2,48,2,6,362,136,2178,142,2,438,,6,556,,12,1984,102,,302,542,,,2,,,,,,
"07/1988",,,2,56,12,2,40,,8,418,130,2294,128,4,454,,,588,,,2058,102,,308,524,,2,4,,,,,,
"08/1988",,2,2,50,20,,52,,2,430,130,2318,154,2,474,,4,574,,6,1950,130,,324,600,,,2,,,,,,
"09/1988",,2,4,56,26,,34,2,2,394,140,2338,168,2,496,,,554,,14,2002,80,,328,506,,,4,,,,,,
"10/1988",,4,2,58,26,2,34,,8,414,152,2242,178,4,482,,4,530,,12,2176,116,,322,436,,,,,,,,,
"11/1988",,4,,52,20,,40,4,2,418,142,2198,132,,544,,,478,,4,1918,114,2,262,342,,2,8,,,,,,
"12/1988",,4,2,70,24,,50,,6,442,154,2278,168,,482,,2,594,,10,1984,130,,316,308,,,8,,,,,,
"01/1989",,,,38,28,,26,2,6,396,124,1754,146,,472,,,438,4,6,1622,86,,226,288,,,6,,,,,,
"02/1989",,,2,34,12,2,20,,2,336,128,1618,116,,356,,,450,2,6,1444,114,,232,238,,2,6,,,,,,
"03/1989",,,2,50,10,,28,2,,374,136,1870,148,,446,,,536,,2,1640,90,,242,358,,2,4,,,,,,
"04/1989",,4,4,42,8,,40,2,4,344,128,1848,124,,472,2,,508,2,2,1784,106,,246,402,,,,,,,,,
"05/1989",,,,42,8,,50,2,4,386,116,2014,138,,386,,2,506,,8,1824,86,,252,490,,,2,,,,,,
"06/1989",,,,48,10,2,40,,4,384,138,2010,102,,418,,,528,8,6,1844,104,2,264,446,,,8,,,,,,
"07/1989",,,2,52,18,,48,,8,374,140,2158,134,2,432,,2,552,4,12,1914,134,,314,576,,,4,,,,,,
"08/1989",,2,2,38,8,,26,4,2,374,118,2150,146,,474,,2,534,10,10,1946,122,,284,500,,,2,,,,,,
"09/1989",,6,,52,12,,46,,4,414,132,2240,156,4,456,,,536,4,10,1976,108,,298,464,,,,,,,,,
"10/1989",,,2,62,24,,18,2,4,426,156,2202,126,,464,,,532,4,2,1964,122,,296,416,,2,6,,,,,,
"11/1989",,,2,52,18,,34,2,2,388,144,1920,108,4,398,,2,550,8,8,1858,152,,270,346,,,4,,,,,,
"12/1989",,2,2,72,10,,44,2,,406,144,2118,140,,466,,,558,8,10,2074,116,,268,360,,,8,,,,,,
"01/1990",,4,2,42,24,,26,2,2,358,112,1762,112,,344,,2,442,10,4,1666,100,2,188,248,,,4,,,,,,
"02/1990",,,4,32,14,,24,2,,302,114,1480,108,,348,,2,444,2,2,1436,88,,222,250,,2,,,,,,,
"03/1990",,6,,40,18,,26,,,336,128,1876,100,,392,,2,438,2,4,1704,128,,276,368,,2,10,,,,,,
"04/1990",,4,,44,14,,20,2,6,322,130,1808,88,,430,,2,458,8,4,1648,116,,246,408,,,2,,,,,,
"05/1990",,2,4,38,16,,54,,,398,152,1942,130,,410,,,460,10,10,1812,140,2,248,428,,,10,,,,,,
"06/1990",,,4,48,14,,34,,2,374,154,2034,166,,422,,4,490,6,6,1840,118,2,248,530,,,8,,,,,,
"07/1990",,4,2,28,26,,66,,2,344,160,2302,148,,438,2,,522,8,4,2056,114,2,304,574,,2,6,,,,,,
"08/1990",,2,4,50,20,2,34,,4,408,124,2164,116,4,446,,6,502,6,2,1964,144,,308,544,,,8,,,,,,
"09/1990",,,,42,14,,40,,2,414,120,1926,126,,504,2,,522,14,4,1836,86,,298,514,,,6,,,,,,
"10/1990",,,,48,24,,34,,4,366,118,1924,148,4,424,,,484,4,,1892,138,2,262,390,,,,,,,,,
"11/1990",,,4,38,20,,42,,4,382,108,1858,126,,388,,2,474,6,2,1772,106,2,228,372,,2,2,,,,,,
"12/1990",,,4,38,14,,48,,4,368,156,1858,118,,390,,,496,8,,1760,92,,224,330,,2,14,,,,,,
"01/1991",30,4,,22,8,,28,,,274,118,804,116,,216,4,,176,6,2,650,,,2,152,50,,4,,,,,6,20
"02/1991",8,,,22,8,,36,,,302,106,822,102,,234,,,174,6,2,674,,,4,138,36,,10,,,,,6,28
"03/1991",28,,,34,18,,24,,,346,116,956,110,,340,,,226,14,,732,,,2,180,62,,2,,2,,,14,48
"04/1991",16,,,36,8,,24,,,278,96,1002,114,,192,2,,228,14,2,690,,,,186,60,,2,,,,,22,98
"05/1991",20,,,30,10,,32,,,374,130,998,90,,262,2,,224,10,2,894,,,2,224,68,,,,2,,,54,156
"06/1991",20,,,32,26,,30,,,380,102,1114,126,,280,2,,236,16,4,844,,,2,232,66,,4,,,2,,48,180
"07/1991",10,6,,40,20,,34,,,382,132,1032,118,,344,2,,234,8,2,808,,,,210,60,,6,,2,,,60,172
"08/1991",22,2,,30,14,,24,,,358,148,1146,126,,318,4,,248,10,2,870,,,6,238,60,,6,,4,,,80,162
"09/1991",24,2,,26,8,2,30,,,398,114,1078,120,,256,2,,210,10,4,806,,,6,202,48,,4,,8,,,60,132
"10/1991",14,,,30,4,,34,,,376,128,1144,106,,232,6,,242,10,2,852,,,6,232,54,,2,,2,,,52,88
"11/1991",22,,,26,32,,30,,,400,114,1008,132,,312,2,,264,10,,822,,,,246,60,,10,,,,,12,52
"12/1991",24,,,24,24,,28,,,318,102,938,128,,270,4,,246,10,,886,,,4,224,48,2,,,2,,,22,34
"01/1992",10,,,34,10,,24,,,300,106,844,90,,232,4,,192,12,2,670,,,6,176,28,,2,,,,,20,34
"02/1992",18,,,24,14,,34,,,308,100,826,94,,230,2,,184,6,,606,,,2,194,40,,2,,4,,,24,22
"03/1992",20,,,18,12,,12,,,262,108,926,100,,230,2,,190,10,2,676,,,2,198,44,2,2,,,,2,36,64
"04/1992",20,2,,24,8,2,22,,,296,116,800,108,,240,,,174,16,2,664,,,,180,46,,,,4,,,38,102
"05/1992",20,,,26,22,,36,,,292,154,1040,108,,244,4,,216,6,,694,,,2,216,58,,12,,2,,,118,132
"06/1992",32,,,36,14,,40,,,368,144,996,102,,284,4,,212,6,2,790,,,8,204,54,,4,,6,,2,100,186
"07/1992",24,,,22,8,,26,,,244,150,946,130,,274,2,,238,14,4,814,,,6,182,68,,2,,,,,72,122
"08/1992",32,2,,22,18,,28,,,358,152,1052,106,,278,4,,202,12,,868,,,,216,58,,8,,6,,,108,154
"09/1992",14,2,,20,10,,24,,,328,104,936,124,,256,2,,186,2,,708,,,2,192,48,,4,,6,,,78,120
"10/1992",26,,,28,8,,26,,,394,150,1110,90,,292,4,,250,10,2,848,,,2,274,52,,4,,,,,68,78
"11/1992",26,,,22,8,,16,,,390,118,936,116,,288,,,226,10,2,730,,,,254,50,,10,,,,,30,70
"12/1992",28,,,22,14,,42,,,358,106,948,132,,282,6,,218,16,,824,,,4,268,74,,6,,,,,16,26
"01/1993",26,,,20,16,,40,,,292,116,844,94,,216,4,,176,2,8,642,,,4,192,40,,4,,,,,24,46
"02/1993",10,,,16,6,,18,,,232,100,780,112,,224,2,,192,2,,590,,,4,194,36,2,4,,,,,30,36
"03/1993",20,4,,20,14,,28,,,336,98,832,76,,242,8,,196,12,2,640,,,2,198,50,,,,2,,,62,56
"04/1993",12,,,26,16,,24,,,320,104,856,90,,238,,,172,12,4,674,,,2,176,48,,2,,2,,,88,148
"05/1993",14,2,,16,12,,32,,,362,140,966,136,,266,,,236,16,2,720,,,10,218,72,,,,2,,,146,170
"06/1993",22,2,,10,12,,54,,,316,144,876,94,,276,2,,192,16,2,708,,,4,232,56,,2,,12,2,,126,156
"07/1993",28,,,18,10,,30,,,360,132,1020,128,,310,2,,192,10,,834,,,4,274,58,,6,,6,,,180,202
"08/1993",28,,,14,8,,28,,,336,148,1086,132,,244,,,246,28,4,736,,,4,252,60,,2,,8,,,154,218
"09/1993",18,,,16,10,,30,,,326,132,954,100,,230,2,,224,10,4,756,,,2,238,64,,4,,8,,4,144,174
"10/1993",18,2,,22,22,,36,,,422,132,1088,134,,282,2,,276,18,,926,,,6,266,60,,10,,8,,,84,110
"11/1993",38,,,28,20,,44,,,362,132,868,136,,242,4,,216,10,4,808,,,,272,74,,,,2,,,44,54
"12/1993",26,,,14,12,,30,,,356,116,1002,122,,236,,,208,6,,850,,,8,218,62,,,,,,,16,38
"01/1994",20,,,18,6,,26,,,270,122,760,80,,210,6,,186,14,2,694,,,,194,44,,4,,,,,22,52
"02/1994",20,,,12,6,,22,,,262,90,652,78,,214,2,,148,14,,594,,,,212,48,,2,,4,,,24,50
"03/1994",14,2,,14,12,,34,,,314,96,870,96,,188,2,,218,16,2,688,,,2,232,66,,6,,2,,,70,84
"04/1994",26,,,10,10,,20,,,330,106,916,114,,230,2,,200,12,2,730,,,2,240,70,,,,2,,,86,130
"05/1994",32,,,14,14,,34,,,338,142,850,124,,262,2,,186,14,2,816,,,,234,62,,6,,2,,2,112,150
"06/1994",30,,,10,16,,32,,,316,110,846,96,,248,4,,200,12,2,750,,,2,284,62,,4,,4,,,116,182
"07/1994",32,,,14,22,,32,,,328,138,950,112,,264,,,222,20,2,760,,,2,256,70,,6,,16,,4,146,190
"08/1994",36,,,10,4,,34,,,320,144,892,116,,300,2,,208,18,,836,,,,272,84,,12,,10,,,116,190
"09/1994",38,,,16,4,,34,,,300,98,958,124,,278,6,,212,26,4,760,,,2,290,64,,10,,14,,,118,160
"10/1994",30,,,24,16,,32,,,346,132,1034,122,,270,,,226,18,,844,,,,292,64,,,,6,,,108,114
"11/1994",22,,,14,10,,20,,,308,120,894,116,,216,,,236,30,,898,,,2,288,70,,8,,2,,,44,46
"12/1994",38,2,,22,16,,40,,,380,124,1054,118,,284,2,,228,16,,862,,,6,308,82,,2,,2,,,32,50
"01/1995",30,,,,12,,32,,,336,86,866,78,,246,2,,192,28,,730,,,2,198,56,,8,,4,,,20,36
"02/1995",24,,,12,16,,16,,,266,92,826,74,,188,4,,188,22,,668,,,2,238,68,,4,,2,,,32,38
"03/1995",24,,,8,10,,30,,,320,118,820,92,,264,4,,190,22,,770,,,2,262,52,,2,,4,,,50,78
"04/1995",44,,,8,8,2,34,,,334,122,882,86,,234,2,,198,18,2,716,,,,258,64,,2,,2,,,78,122
"05/1995",26,,,12,12,,36,,,338,100,852,112,,244,2,,198,6,4,778,,,2,246,50,,,,,,,98,162
"06/1995",38,,,16,14,,44,,,344,100,914,126,,262,8,,220,26,4,746,,,,246,82,,2,,6,,,144,172
"07/1995",38,,,6,14,,34,,,332,130,878,106,,274,4,,240,22,,808,,,2,266,66,,2,2,10,,,130,210
"08/1995",30,,,10,6,,44,,,368,98,936,136,,236,,,248,26,,846,,,2,360,98,,8,,6,,2,132,186
"09/1995",18,,,18,18,,20,,,364,114,972,120,,286,4,,242,40,2,792,,,,284,78,,10,,6,,2,126,150
"10/1995",40,2,,24,20,,30,,,322,134,1048,120,,256,2,,216,20,2,878,,,,296,88,,4,,6,,4,100,140
"11/1995",52,,,8,12,,32,,,334,140,820,122,,274,4,,236,30,4,818,,,,318,78,,6,,,,,52,46
"12/1995",36,,,6,18,,46,,,314,186,938,114,,294,2,,230,30,,754,,,,322,62,,2,,2,,,30,40
"01/1996",26,,,4,6,,36,,,290,110,710,102,,222,2,,134,18,,738,,,,252,74,,2,,4,,4,26,44
"02/1996",34,2,,8,8,,30,,,262,88,756,94,,274,,,190,14,,604,,,2,222,58,,,,6,,,42,44
"03/1996",52,,,14,12,,24,,,276,106,804,92,,274,2,,192,14,,734,,,,244,92,,2,,,,2,60,68
"04/1996",44,2,,14,22,,30,,,302,102,858,100,,280,,,184,14,,756,,,,272,66,,4,,6,,,86,100
"05/1996",50,,,6,8,2,30,,,294,126,834,94,,234,4,,236,18,,744,,,,280,62,,2,,4,,,134,142
"06/1996",56,,,14,10,,44,,,340,112,868,94,,276,2,,194,22,,764,,,,268,54,,2,,6,,2,168,172
"07/1996",36,2,,8,6,,38,,,316,122,858,114,,276,6,,186,16,,798,,,,260,86,,8,,4,,,100,170
"08/1996",48,4,,,8,,24,,,296,120,940,136,,264,6,,228,14,2,848,,,,292,78,,2,,8,,2,172,168
"09/1996",34,,,8,8,,28,,,306,146,940,106,,272,,,212,14,,796,,,,290,70,,4,,6,,,116,160
"10/1996",58,2,,8,12,,38,,,330,130,1030,132,,270,2,,192,12,2,848,,,,350,78,,2,,10,,2,100,124
"11/1996",48,2,,6,16,,40,,,344,112,946,128,,290,2,,242,26,2,768,,,,348,76,,4,,2,,,36,46
"12/1996",40,,,10,14,,36,,,390,120,898,122,,246,2,,246,24,,890,,,,350,60,,4,,,,,36,34
"01/1997",50,,,6,10,2,56,,,318,92,848,94,,234,,,206,18,,714,,,,250,50,,8,,,,,26,26
"02/1997",32,2,,10,8,,20,,,266,82,714,86,,218,2,,178,20,,650,,,2,262,52,,8,,6,,,46,50
"03/1997",48,2,,4,12,,26,,,284,116,752,94,,242,4,,170,16,,688,,,,316,66,,2,,8,,,74,64
"04/1997",34,,,8,4,,32,,,280,140,804,92,,230,2,,212,30,,698,,,2,272,50,,8,,2,,4,92,74
"05/1997",50,,,10,12,,32,,,318,146,870,98,,270,2,,222,16,4,868,,,,298,66,,18,,2,,8,108,148
"06/1997",50,,,6,4,,22,,,322,102,830,106,,252,,,190,18,2,776,,,,324,52,,2,,12,,,178,168
"07/1997",38,2,,14,8,,32,,,326,124,874,124,,282,2,,200,22,2,828,,,2,322,64,,2,,4,,2,154,194
"08/1997",48,,,8,4,,34,,,346,120,966,102,,256,,,230,12,,798,,,,334,62,,12,,4,,6,146,170
"09/1997",26,,,2,4,,24,,,272,88,792,130,,246,,,184,24,,728,,,2,298,66,,8,,6,,4,140,118
"10/1997",42,,,10,,,42,,,304,118,962,106,,236,2,,226,12,2,846,,,,306,66,,8,,6,,2,126,112
"11/1997",30,,,,14,,42,,,324,118,836,106,,238,4,,200,22,,796,,,,314,56,,10,,,2,,48,40
"12/1997",38,,,6,18,,36,,,358,162,930,112,,256,4,,212,20,,904,,,,296,64,,4,,,,,24,28
"01/1998",46,,,2,4,,42,,,288,114,754,82,,248,2,,178,20,2,652,,,,260,56,,,,2,,,36,18
"02/1998",44,,,4,16,,30,,,256,98,664,82,,196,4,,190,24,,638,,,,248,60,,2,,2,,,42,54
"03/1998",46,,,4,8,,26,,,246,136,716,76,,234,4,,178,16,,680,,,,244,50,,4,,10,,,48,68
"04/1998",54,,,4,2,,36,,,250,106,688,74,,228,,,164,22,,706,,,,286,50,,16,,2,,4,102,96
"05/1998",42,2,,2,10,,34,,,312,112,792,134,,234,2,,188,14,,768,,,,286,68,,10,,8,,,156,152
"06/1998",32,,,2,12,,20,,,316,112,778,110,,236,,,172,16,,712,,,2,280,58,,2,,4,,,130,142
"07/1998",38,,,6,10,,44,,,304,136,824,132,,250,,,232,16,,796,,,2,318,84,,,,8,,,166,202
"08/1998",42,2,,2,12,,30,,,316,128,910,108,,264,,,186,18,,818,,,4,344,56,,2,,12,,2,204,142
"09/1998",36,,,4,4,,36,,,286,116,828,88,,232,,,216,20,,738,,,6,342,52,,4,,2,,,144,164
"10/1998",56,4,,,6,,42,,,284,100,818,136,,262,2,,200,18,,838,,,,330,64,,10,,6,,4,128,110
"11/1998",48,,,4,10,,40,,,290,130,720,120,,234,4,,206,22,,754,,,,366,70,,,,2,2,,78,58
"12/1998",58,,,4,10,,34,,,354,120,946,100,,238,4,,202,32,,836,,,,306,76,,6,,6,,,48,40
"01/1999",46,,,4,8,,30,,,250,82,644,56,,182,2,,164,14,,610,,,2,284,56,,2,,,2,2,32,34
"02/1999",30,,,2,8,,34,,,206,90,596,76,,186,2,,148,10,,594,,,,254,44,,2,,4,,,50,34
"03/1999",42,,,4,8,,26,,,266,88,808,70,,218,,,170,4,,666,,,,276,36,,6,,,,,76,72
"04/1999",42,2,,4,4,,28,,,240,100,700,90,,216,2,,194,12,,628,,,2,244,54,,10,,10,2,6,128,118
"05/1999",52,,,6,10,,32,,,322,102,776,62,2,234,2,,216,22,2,736,,,,318,70,,10,,2,,4,168,146
"06/1999",48,,,6,2,,24,,,290,104,780,98,,250,2,,192,18,,722,,,2,266,52,,6,,8,,4,158,152
"07/1999",32,,,6,14,,44,,,278,118,748,102,,202,,,194,26,,768,,,,290,68,,6,,4,,4,188,180
"08/1999",44,,,6,12,,44,,,268,104,830,94,2,204,,,172,18,,754,,,,338,62,,10,,8,,2,196,176
"09/1999",56,,,4,2,,42,,,292,146,704,132,,230,6,,218,16,,716,,,,298,72,,2,,4,,6,192,144
"10/1999",48,,,6,10,,50,,,326,112,816,102,,256,2,,204,20,,860,,,,356,62,,8,,10,,,160,120
"11/1999",50,,,2,10,,44,,,278,120,848,120,4,264,,,194,16,,758,,,2,364,68,,12,,2,,2,82,70
"12/1999",66,,,6,6,,50,,,290,84,858,92,,272,2,,252,14,2,866,,,,386,66,,4,,2,,,44,34
"01/2000",35,,,,5,,18,,,132,44,342,40,,90,,,91,8,,312,,,,135,19,,3,,1,,,23,21
"02/2000",22,1,,2,2,,16,,,121,34,294,50,,96,,,81,6,1,319,,,,147,25,,1,,,,,22,28
"03/2000",23,,,2,3,,11,,,122,49,345,47,,105,,,79,4,1,316,,,,145,27,,2,,3,,1,74,38
"04/2000",21,,,4,7,,20,,,137,35,357,46,,109,2,,113,3,,354,,,1,185,25,,1,,4,,1,84,62
"05/2000",32,,,1,6,,17,,,141,60,321,41,,82,,,103,8,,321,,,1,173,27,,2,,2,,1,102,73
"06/2000",40,,,2,5,,22,,,145,47,359,62,,110,,,85,7,,328,,,,164,35,,3,,3,,2,107,103
"07/2000",42,1,,2,5,,17,,,140,51,409,57,,123,2,,92,9,,386,,,1,168,29,,3,,,1,1,121,105
"08/2000",29,,,,4,,21,,,160,62,370,52,2,126,1,,97,9,,371,,,,171,33,,6,,4,,3,144,95
"09/2000",31,,,2,2,,17,,,125,68,369,51,2,112,,,89,9,,378,,,,157,32,,5,,6,,2,114,71
"10/2000",40,,,1,4,,19,,,131,66,376,67,3,101,,,103,6,,368,,,2,199,42,,5,,2,,1,83,52
"11/2000",25,,,1,3,,22,,,133,51,364,56,2,93,,,103,9,1,313,,,,179,29,,3,,1,,1,49,17
"12/2000",30,,,1,4,1,22,,,150,50,341,51,4,101,,,109,10,,373,,,,186,29,,3,,3,,,12,20
"01/2001",25,,,3,2,,17,,,109,58,306,49,3,91,,,64,13,,306,,,,148,30,,4,,2,,,16,25
"02/2001",25,,,1,4,,24,,,113,46,292,36,1,110,,,68,9,,279,,,,153,14,,4,,,,1,25,27
"03/2001",24,1,,,5,,20,,,115,51,322,45,3,101,2,,99,8,,316,,,,149,32,,3,,4,,2,49,30
"04/2001",35,,,1,4,,16,,,116,46,353,44,2,118,2,,87,10,,323,,,,152,28,,2,,3,,4,97,58
"05/2001",33,,,3,10,,14,,,126,52,316,40,4,112,,,108,9,,352,,,,187,32,1,3,,4,,2,89,82
"06/2001",34,,,2,4,,19,,,127,48,345,56,,92,,,99,7,1,309,,,,164,29,,,,4,,1,124,92
"07/2001",29,,,2,3,,17,,,142,51,379,47,5,105,,,91,9,,367,,,,197,28,,5,,7,,1,122,109
"08/2001",46,,,,6,,15,,,133,56,366,52,3,112,1,,116,13,,361,,,,169,35,,5,,4,,,126,102
"09/2001",40,,,,6,1,16,,,137,49,337,54,1,76,1,,100,14,,353,,,,161,30,,1,,4,,3,121,90
"10/2001",41,,,3,7,,22,,,158,47,335,68,1,114,1,,105,11,,353,,,,209,45,,2,,5,,1,85,57
"11/2001",35,,,2,4,,22,,,131,50,341,49,4,98,,,105,4,,388,,,1,188,32,,2,,2,,,64,47
"12/2001",46,,,2,5,,22,,,126,59,373,63,4,106,,,105,13,,388,,,1,209,37,,4,,4,,,34,40
"01/2002",27,2,,1,5,,16,,,138,51,338,45,1,89,,,90,8,,328,,,,185,30,,8,,2,,,30,23
"02/2002",31,,,,2,,22,,,93,55,296,45,2,90,,,82,11,,279,,,,153,29,,3,,2,,,46,24
"03/2002",42,1,,1,4,,19,,,103,52,332,48,6,110,2,,90,18,,336,,,2,195,39,,1,,1,,1,62,40
"04/2002",28,,,,3,,18,,,116,51,317,54,4,84,,,87,6,,357,,,,170,28,,3,,4,,1,91,56
"05/2002",26,1,,2,5,,16,,,145,35,314,59,8,107,,,114,9,,354,,,,181,35,,5,,5,,,112,97
"06/2002",35,,,,7,,16,,,119,52,304,64,2,111,1,,106,10,,324,,,,177,37,,3,,4,,1,151,112
"07/2002",26,,,1,3,,23,,,124,55,343,46,6,100,,,96,11,,354,,,1,187,32,,5,,6,,3,135,103
"08/2002",35,,,,6,,19,,,132,65,316,54,3,106,,,121,7,,324,,,,201,30,,1,,2,,,169,117
"09/2002",32,,,2,2,,24,,,129,49,352,65,3,98,,,95,5,,301,,,,174,34,,5,,4,,5,140,94
"10/2002",40,,,2,2,,24,,,156,39,335,57,3,112,,,115,8,,360,,,1,159,33,,5,,1,,4,79,54
"11/2002",38,,,,5,,17,,,136,45,343,49,4,92,,,105,4,,302,,,,177,33,,1,,1,,2,53,45
"12/2002",30,,,1,9,,20,,,128,60,348,57,6,100,1,,102,4,1,326,,,,174,40,,6,,1,,,29,19
"01/2003",31,,,1,2,,18,,,112,46,263,35,5,81,,,83,3,,271,,,,151,30,,7,,,,,30,15
"02/2003",30,,,,2,,7,,,100,48,253,37,3,84,,,83,2,,268,,,,155,35,,1,,,,,26,30
"03/2003",28,,,2,3,,19,,,121,44,303,61,1,83,,,96,4,,288,,,1,161,29,,8,,3,1,,72,50
"04/2003",37,,,1,7,,16,,,138,42,324,48,3,101,1,,82,5,,327,,,,205,33,,2,,7,,,124,86
"05/2003",41,,,,6,,23,,,115,52,330,57,3,90,,,97,11,,335,,,,160,34,,4,,2,,1,128,76
"06/2003",46,,,,8,,21,,,116,56,333,50,6,95,,,87,9,,319,,,,179,31,,3,,1,,2,139,97
"07/2003",38,1,,1,3,,21,,,135,56,326,57,3,91,,,97,6,,330,,,,183,31,,5,,8,,2,175,103
"08/2003",44,,,,7,1,31,,,117,48,327,66,4,106,1,,93,14,,344,,,,225,38,,4,,4,,2,179,106
"09/2003",26,,,,9,,22,,,125,33,281,50,6,107,1,,101,9,,314,,,,181,41,,2,,4,,1,166,94
"10/2003",28,,,1,5,,25,,,138,52,334,49,3,110,,,116,6,,372,,,,203,48,,7,,4,,2,122,68
"11/2003",41,,,,6,,27,,,128,57,324,64,7,124,,,117,11,,327,,,1,228,47,,12,,1,,1,69,48
"12/2003",40,,,1,6,,22,,,151,46,281,74,6,94,,,84,9,,306,,,,169,34,,6,,2,,,41,25
"01/2004",39,,,,9,,15,,,105,36,275,54,3,92,,,88,11,,312,,,,178,27,,7,,1,,,37,23
"02/2004",25,1,,,4,,23,,,90,37,246,58,11,99,,,87,4,1,278,,,,161,38,,1,,1,,2,41,36
"03/2004",37,,,2,3,,16,,,119,43,308,57,2,99,1,,75,9,,271,,,,165,38,,1,,1,,2,74,61
"04/2004",34,,,,5,,20,,,116,51,278,46,1,93,,,98,2,,274,,,,169,29,,4,,5,,3,93,79
"05/2004",32,,,,4,,23,,,111,44,307,51,2,107,,,92,4,,314,,,1,179,35,,4,,1,,,158,97
"06/2004",22,,,2,7,,17,,,112,52,298,53,6,115,1,,92,8,,295,,,,186,40,,3,,3,,2,156,106
"07/2004",34,,,,4,,25,,,128,54,308,55,3,108,1,,101,5,,280,,,,209,36,,2,,7,,2,177,126
"08/2004",41,,,,7,,24,,,141,50,278,52,3,98,,,90,7,,313,,,,208,37,,7,,6,,1,172,130
"09/2004",22,,,1,6,,13,,,109,53,301,52,3,97,,,91,4,,265,,,1,174,32,,9,,8,,1,142,111
"10/2004",33,,,,10,,19,,,89,49,317,52,1,111,,,108,6,,281,,,,217,39,,6,,3,,,120,77
"11/2004",39,,,,5,,21,,,113,48,301,61,3,114,,,101,2,,297,,,,194,29,,7,,2,,1,64,40
"12/2004",35,,,,7,,9,,,106,59,317,55,5,115,,,99,4,,329,,,,205,52,,4,,1,,,36,34
"01/2005",24,,,,5,,14,,,100,53,261,49,5,109,,,81,6,,271,,,,173,42,,7,,1,,,47,27
"02/2005",31,,,,4,,19,,,108,39,240,46,1,80,,,91,3,,245,,,,165,36,,3,,1,,1,44,26
"03/2005",30,1,,,10,,18,,,108,36,260,55,4,83,,,97,4,,260,,,,178,36,,1,,3,,1,85,45
"04/2005",35,,,1,7,,24,,,98,49,278,61,3,104,,,72,1,,263,,,,196,28,,6,,2,,3,145,98
"05/2005",49,,,,5,1,27,,,116,45,253,59,3,98,,,87,7,,293,,,,186,36,,4,,10,,,159,107
"06/2005",19,1,,2,3,,18,,,127,50,311,49,5,100,,,94,2,,252,,,,191,29,,4,,4,,3,175,111
"07/2005",40,,,,9,,25,,,118,42,306,71,6,120,,,106,10,,295,,,,191,32,,6,,3,,8,196,115
"08/2005",32,1,,1,8,,23,,,108,47,296,60,2,91,,,86,7,,310,,,,185,43,,5,,5,,5,189,126
"09/2005",37,,,2,3,,25,,,102,48,262,47,1,112,,,102,6,,273,,,,184,31,,6,,14,,6,205,126
"10/2005",50,,,1,10,,22,,,99,45,335,65,1,99,,,93,5,,323,,,,216,39,,4,,5,,2,149,83
"11/2005",39,,,,5,,33,,,132,63,293,54,5,108,,,95,7,,299,,,,207,45,,10,,4,,4,90,63
"12/2005",49,,,1,8,,24,,,112,61,261,72,6,107,,,86,3,,278,,,,200,41,,3,,2,,,37,25
"01/2006",41,,,1,5,,30,,,94,54,253,66,4,102,,,82,6,,255,,,,166,27,,7,,1,,1,55,40
"02/2006",37,,,,5,,15,,,85,34,260,45,4,75,,,86,5,,215,,,,166,41,,1,,1,,1,44,32
"03/2006",33,,,,6,,27,,,110,53,253,64,4,100,,,91,5,,256,,,,190,47,,4,,2,,2,111,51
"04/2006",45,,,1,7,,15,,,92,33,250,59,1,107,,,76,5,,242,,,,181,34,,6,,5,,6,151,100
"05/2006",41,,,,8,,33,,,122,44,258,60,4,95,,,100,3,,282,,,1,216,27,,4,,8,,6,185,105
"06/2006",29,,,1,8,,15,,,96,51,269,54,6,101,,,91,1,,252,,,,165,36,,6,,6,,2,214,119
"07/2006",30,,,,9,,23,,,95,42,285,63,7,99,,,92,6,,275,,,,183,45,,5,,9,,2,213,127
"08/2006",31,,,,7,,16,,,110,47,281,80,2,92,,,106,2,,253,,,,188,26,,5,,2,,2,185,119
"09/2006",33,,,,6,,19,,,115,48,259,77,7,102,,,77,4,,259,,,,180,50,,4,,6,1,3,172,126
"10/2006",32,,,,6,,36,,,120,62,290,58,3,107,,,105,2,,302,,,,214,33,,3,,2,,2,107,65
"11/2006",37,,,1,11,1,27,,,88,42,253,55,4,114,,,82,3,,283,,,,162,53,,8,,2,,1,103,58
"12/2006",41,,,,8,,30,,,102,45,272,72,2,119,,,97,4,,280,,,,199,43,,4,,1,,,48,36
"01/2007",32,,,2,6,,24,,,103,45,232,63,3,89,1,,66,2,,232,,,,171,33,,4,,2,,,31,35
"02/2007",32,,,,6,,21,,,83,30,232,52,3,88,,,60,,,230,,,,159,38,,5,,2,,,51,27
"03/2007",35,,,,9,,18,,,81,46,274,63,5,103,,,84,2,,248,,,,193,38,,4,,2,,5,122,68
"04/2007",35,,,,8,,28,,,94,24,236,66,1,109,,,98,2,,259,,,,188,41,,3,,3,,1,123,106
"05/2007",32,,,,7,,21,,,87,38,246,59,2,102,,,84,4,,279,,,,167,47,,7,,3,1,4,200,136
"06/2007",31,,,,8,,23,,,99,37,259,65,2,117,,,71,1,,252,,,,179,47,,9,,5,,2,194,118
"07/2007",39,,,,7,,17,,,101,35,246,74,5,94,,,85,1,,249,,,2,160,37,,4,,9,1,1,216,139
"08/2007",32,,,,6,,25,,,91,37,212,71,1,100,,,73,2,,267,,,,179,50,,7,,6,,,184,138
"09/2007",19,,,1,10,,20,,,88,49,263,58,1,65,,,69,1,,234,,,,155,39,,3,,11,,,208,114
"10/2007",30,,,,4,,27,,,98,47,282,60,3,97,,,91,2,,233,,,1,188,32,,6,,3,,2,172,96
"11/2007",30,,,,7,,28,,,99,38,239,56,,103,,,87,1,,255,,,1,175,32,,7,,3,,1,82,51
"12/2007",23,,,,8,1,23,,,110,35,262,71,3,113,,,88,3,,260,,,,181,33,,6,,2,,2,49,38
"01/2008",23,,,,5,,22,,,96,42,236,64,3,107,,,70,2,,232,,,1,151,38,,6,,1,,,48,24
"02/2008",28,,,,5,,19,,,94,42,237,51,,86,,,69,1,,222,,,2,154,27,,3,,,,1,57,34
"03/2008",29,,,1,11,,22,,,80,40,217,51,1,93,,,76,1,,237,,,,135,31,,1,,1,,5,96,44
"04/2008",29,1,,,2,,26,,,79,38,188,58,2,88,,,71,3,,189,,,1,156,30,,5,,4,,3,151,106
"05/2008",21,,,,7,,16,,,71,36,224,51,2,77,,,83,,,232,,,,134,34,,7,,8,,5,184,119
"06/2008",19,,,1,8,,20,,,67,32,221,48,2,80,,,72,1,,212,,,,162,38,,6,,5,,3,231,154
"07/2008",29,,,,5,,17,,,73,40,220,55,2,86,,,61,2,,206,,,,144,29,,5,,2,,4,237,142
"08/2008",32,,,,9,,27,,,89,41,233,52,3,94,,,76,3,,215,,,1,135,47,,4,,6,,2,226,157
"09/2008",33,,,,5,,31,,,89,32,184,52,3,82,,,65,3,,186,,,1,129,29,,3,,7,,1,179,105
"10/2008",29,,,,8,,23,,,90,42,243,65,3,139,,,68,1,,224,,,,160,41,,6,,3,,3,155,97
"11/2008",33,,,,8,,28,,,92,38,245,53,,101,,,74,3,,200,,,,162,42,,10,,2,,2,100,45
"12/2008",20,,,,3,,31,,,72,41,260,45,,99,,,71,3,,213,,,2,166,40,,6,,1,,1,43,28
"01/2009",30,,,,5,,24,,,61,37,212,42,1,76,,,67,2,,201,,,,145,28,,3,,5,,1,49,20
"02/2009",23,,,,5,,19,,,75,39,176,50,,91,,,45,,,185,,,,136,28,,,,3,,2,59,38
"03/2009",28,,,,5,,21,,,59,29,203,43,,97,,,51,1,,163,,,1,134,31,,6,,3,,3,89,43
"04/2009",22,,,,7,,29,,,74,32,198,50,1,92,,,75,1,,169,,,,115,33,,3,,4,,5,148,79
"05/2009",30,,,,6,,27,,,69,50,207,58,1,117,,,55,1,,211,,,,165,34,,8,,5,,2,207,111
"06/2009",31,,,,9,,18,,,70,22,207,48,1,90,,,59,1,,186,,,1,155,35,,4,,2,,1,190,102
"07/2009",23,,,2,5,,19,,,72,24,192,48,1,79,,,63,1,,187,,,,159,30,,2,,4,,3,223,100
"08/2009",28,,,,7,,22,,,81,34,218,60,,89,,,76,3,,191,,,1,162,32,,2,,3,1,5,196,98
"09/2009",20,,,,3,,23,,,81,31,217,46,3,70,,,57,1,,189,,,1,130,39,,3,,6,,2,201,91
"10/2009",25,,,,8,,17,,,80,25,213,61,,126,,,88,,,206,,,2,157,30,,2,,2,,4,91,60
"11/2009",25,,,,9,,18,,,85,33,193,63,1,84,,,76,2,,210,,,1,145,27,,4,,2,,2,88,54
"12/2009",15,,,,7,,22,,,71,28,193,55,2,84,,,67,1,,177,,,2,124,36,,5,,1,,,27,25
"01/2010",20,,,,5,,25,,,65,34,155,37,1,90,,,59,3,,173,,,2,124,29,,4,,,,,60,16
"02/2010",16,,,,8,,17,,,48,22,157,54,1,72,,,43,1,,146,,,1,136,34,,3,,4,,2,37,18
"03/2010",25,,,,5,,17,,,70,25,166,57,,88,,,49,1,,167,,,2,140,32,,4,,,,8,92,49
"04/2010",24,,,,5,,32,,,86,25,187,57,1,87,,,61,1,,189,,,1,127,43,,5,,6,,4,161,105
"05/2010",24,,,1,7,,23,,,71,28,202,59,,101,,,57,,,172,,,2,151,44,,2,,3,,3,208,95
"06/2010",24,,,,2,,14,,,54,36,206,42,2,78,,,57,2,,176,,,1,135,26,,1,,4,,3,214,107
"07/2010",15,,,,5,,28,,,89,27,207,55,,82,,,57,,,168,,,,139,35,,4,,12,,5,227,114
"08/2010",28,1,,,6,,23,,,70,28,201,59,1,82,,,66,1,,177,,,3,131,35,,3,,8,,3,239,95
"09/2010",21,,,1,10,,21,,,71,27,196,54,1,84,,,61,2,,176,,,,124,45,,4,,7,,3,182,87
"10/2010",19,,,,4,,26,,,68,41,208,60,3,97,,,66,,,189,,,2,177,34,,3,,5,,3,161,69
"11/2010",26,,,1,4,,20,,,77,24,197,61,2,102,,,59,1,,183,,,1,147,37,,6,,3,,2,76,34
"12/2010",29,,,,9,,14,,,77,28,168,36,,100,,,58,2,,186,,,1,151,44,,3,,2,,,35,24
"01/2011",27,,,,6,,24,,,52,25,164,41,1,87,,,43,1,,161,,,2,159,43,,4,,2,,,55,31
"02/2011",14,,,1,2,,17,,,63,24,145,34,1,49,,,47,,,126,,,3,116,30,,2,,4,,,68,34
"03/2011",24,,,,5,,24,,,75,26,176,58,1,83,,,53,,,162,,,,117,34,,3,,3,,3,98,45
"04/2011",32,,,,2,,20,,,80,24,195,57,1,93,,,53,,,166,,,1,133,42,,2,,5,,2,136,72
"05/2011",19,,,,9,,28,,,53,32,203,49,,105,,,48,1,,165,,,3,132,38,,2,,3,,4,173,92
"06/2011",24,,,,7,1,14,,,68,31,193,46,,97,,,55,,,163,,,2,137,37,,10,,3,1,5,195,114
"07/2011",27,,,,9,,20,,,52,37,214,41,1,95,,,57,1,1,184,,,,165,44,,5,,3,,6,220,138
"08/2011",27,,,,6,,17,,,61,28,220,51,,84,,,58,,,161,,,4,132,37,,1,,7,,6,215,128
"09/2011",13,,,,5,,21,,,67,21,193,45,,85,,,57,,,195,,,1,144,40,,5,,8,,2,176,75
"10/2011",32,,,,5,,22,,,72,31,207,54,1,118,,,71,3,,174,,,5,148,50,,6,,4,,4,157,82
"11/2011",25,,,,11,,30,,,76,27,194,55,1,101,,,72,3,1,163,,,2,136,56,,8,,2,,1,77,45
"12/2011",28,,,1,8,,18,,,68,29,200,49,,121,,,53,1,,170,,,1,152,39,,3,,1,,4,40,25
"01/2012",21,,,,3,,22,,,64,34,183,43,,100,,,52,1,,160,,,,131,36,,2,,4,,3,62,22
"02/2012",22,,,,7,,20,,,54,22,160,49,2,81,,,60,1,,188,,,2,140,35,,2,,1,,1,44,34
"03/2012",15,,,,16,,21,,,63,28,176,51,1,110,,,62,1,,177,,,2,143,37,,2,,2,,3,161,81
"04/2012",19,,,,3,,22,,,67,27,192,45,1,86,,,58,,,163,,,6,157,36,,2,,3,,4,157,82
"05/2012",20,,,,6,,23,,,60,41,193,50,3,96,,,53,3,1,185,,,4,141,54,,2,,10,,3,200,111
"06/2012",28,,,2,12,,32,,,69,26,179,48,1,119,,,60,,,158,,,1,137,36,,2,,10,,1,247,107
"07/2012",24,,,,11,,17,,,64,31,199,55,1,89,,,61,,,191,,,4,149,44,,4,,5,1,2,204,104
"08/2012",23,,,,8,,23,,,69,31,209,48,1,97,,,68,1,,172,,,1,161,44,,6,,4,,7,220,100
"09/2012",14,,,,5,,21,,,74,24,206,39,1,95,,,53,1,1,190,,,6,126,54,,2,,12,,4,199,86
"10/2012",33,,,1,11,,20,,,51,35,223,45,1,110,,,79,,,183,,,2,151,37,,7,,6,,3,150,57
"11/2012",30,,,,12,1,18,,,71,28,218,49,1,123,,,61,2,2,154,,,2,151,51,,,,2,,1,84,40
"12/2012",21,,,1,9,,28,,,64,26,225,46,,110,1,,60,1,,171,,,6,168,40,,6,,1,,,48,27
"01/2013",26,,,,4,,20,,,73,24,173,48,,96,,,64,,,149,,,,139,48,,4,,3,,,51,35
"02/2013",13,,,,6,,20,,,47,17,135,34,2,71,,,54,,,120,,,,124,42,,2,,1,,1,38,24
"03/2013",16,1,,,7,,32,,,61,35,186,45,1,104,,,52,,1,167,,,1,140,41,,3,,4,,,84,44
"04/2013",21,,,,15,,17,,,69,21,172,51,4,91,,,59,,,163,,,1,134,39,,4,,6,,,138,72
"05/2013",21,,,,8,,28,,,60,26,192,44,,94,,,48,1,2,164,,,1,141,50,,2,,3,,2,172,104
"06/2013",22,,,,12,,21,,,65,28,187,41,2,90,,,63,1,,183,,,5,157,41,,4,,7,,4,195,85
"07/2013",18,,,,16,1,34,,,57,23,191,52,,116,,,57,,,152,,,2,123,44,,,,6,,4,213,108
"08/2013",28,,,1,17,,29,,,63,29,210,51,,101,,,64,2,1,160,,,2,162,57,,3,,4,1,9,220,139
"09/2013",19,1,,,12,,27,,,64,33,196,49,,119,,,62,2,2,175,,,5,153,50,,2,,10,,2,218,109
"10/2013",31,,,,7,,22,,,82,32,225,54,,124,,,41,1,1,165,,,2,158,66,,6,,6,,6,160,67
"11/2013",29,,,1,6,,24,,,61,25,212,45,1,120,,,77,,2,179,,,3,165,68,,5,,3,,2,96,41
"12/2013",22,,,,9,,28,,,83,31,232,45,1,121,,,49,1,,169,,,6,123,55,,2,,2,,2,32,26
"01/2014",18,,,,9,,21,,,63,26,160,54,,113,,,58,,,143,,,1,112,45,,1,,2,,1,58,26
"02/2014",18,,,,8,,16,,,47,17,160,49,,80,,,62,1,,129,,,6,124,30,,3,,,,,39,25
"03/2014",19,,,,11,1,23,,,50,22,165,59,,93,,,59,1,1,142,,,4,144,48,,7,,3,,3,90,46
"04/2014",16,,,1,6,,21,,,60,26,175,41,1,96,,,58,,,158,,,3,141,51,,2,,5,,4,131,71
"05/2014",25,,,,13,,24,,,63,35,177,60,,125,,,65,1,,175,,,3,132,44,,6,,5,,6,219,83
"06/2014",19,,,,6,,28,,,56,30,187,48,,97,,,56,,,151,,,2,136,47,,4,,7,,1,233,101
"07/2014",26,,,,16,,24,,,60,26,197,62,,105,,,46,,,158,,,5,144,43,,4,,4,,4,219,93
"08/2014",25,,,,11,,35,,,52,25,190,52,1,102,,,59,,1,203,,,7,171,52,,7,,10,,5,218,93
"09/2014",24,,,,9,,21,,,64,23,187,51,1,98,,,57,,2,155,,,2,141,56,,6,,10,1,2,196,91
"10/2014",31,,,,9,,31,,,70,33,214,53,1,125,,,58,,,189,,,1,180,68,,6,,5,,2,133,61
"11/2014",28,,,,9,,30,,,60,27,203,63,1,140,,,74,,,182,,,5,189,55,,,,3,,1,85,39
"12/2014",32,,,,12,,32,,,65,37,196,49,,102,,,70,,1,206,,,4,173,62,,4,,3,,1,50,31
"01/2015",17,,,,7,,36,,,48,32,192,44,,131,,,58,,1,168,,,1,163,55,,1,,1,,1,57,33
"02/2015",20,,,1,4,,21,,,44,23,154,43,1,87,,,56,,,147,,,1,127,55,,1,,2,,2,45,26
"03/2015",22,,,,6,,23,,,56,26,213,44,1,112,,,70,,,147,,,4,146,62,,3,,9,,2,97,55
"04/2015",15,,,,9,,30,,,49,25,190,48,1,125,,,70,,,143,,,2,149,63,,3,,8,,3,138,61
"05/2015",19,,,,15,,25,,,74,33,220,52,1,139,,,62,,,191,,,,168,64,,7,,6,,6,218,85
"06/2015",24,,,,7,,27,,,61,32,223,51,,142,,,61,,1,170,,,6,164,43,,7,,13,,2,219,99
"07/2015",19,,,,4,,28,,,69,30,232,53,,149,,,64,2,1,158,,,2,161,71,,3,,7,,8,227,117
"08/2015",28,,,,9,,24,,,54,34,222,59,,142,,,78,,1,195,,,5,170,66,,4,,11,,6,231,113
"09/2015",26,,,1,5,1,32,,,66,25,213,63,,149,,,65,,1,183,,,2,165,72,,2,,8,,4,202,93
"10/2015",24,,,,11,,35,,,68,30,245,48,1,154,,,81,,1,195,,,4,176,66,,6,,7,,11,169,74
"11/2015",19,,,,12,,37,,,64,33,206,50,,167,,,81,,1,199,,,4,162,65,,3,,3,,4,71,52
"12/2015",21,,,1,10,,43,,,56,30,244,65,,167,,,69,,1,218,,,3,186,68,,2,,3,,2,72,47
"01/2016",28,,,,16,,27,,,71,27,167,43,,110,,,66,1,,176,,,6,149,69,,8,,4,,1,55,24
"02/2016",24,,,1,7,,34,,,65,32,202,40,,132,,,60,,1,174,,,3,180,55,,6,,1,,3,92,43
"03/2016",31,,,,5,,22,,,64,34,218,49,1,133,,,66,,1,191,,,4,186,66,,5,,4,,1,117,60
"04/2016",34,,,,19,,29,,,53,32,186,51,,137,,,58,1,3,170,,,4,157,68,,5,,8,,5,178,77
"05/2016",32,,,,10,,35,,,66,25,232,52,,135,,,70,,,163,,,1,178,65,,5,,7,,7,241,102
"06/2016",17,,,1,14,,32,,,56,27,230,58,2,161,,,76,1,4,182,,,5,202,71,,7,,8,,4,245,102
"07/2016",22,,,,8,,33,,,60,39,226,55,,155,,,66,,,173,,,5,181,77,,7,,11,,8,259,81
"08/2016",23,,,,6,,34,,,82,23,236,48,1,155,,,88,,2,185,,,7,186,71,,6,,9,,4,227,104
"09/2016",29,,,,16,,26,,,72,28,212,59,,144,,,67,,2,178,,,2,159,69,,2,,14,,4,239,103
"10/2016",31,,,,12,,36,,,60,34,241,69,,174,,,72,1,,208,,,8,189,92,,6,,8,,4,216,77
"11/2016",25,,,,14,,33,,,60,38,211,55,,167,,,77,1,1,198,,,5,226,75,,4,,3,,1,131,54
"12/2016",26,,,1,11,,42,,,64,37,215,57,1,152,,,62,,1,182,,,4,190,79,,3,,3,,,46,34
"01/2017",28,,,,14,,27,,,58,32,200,75,,143,,,67,,2,174,,,3,176,82,,2,,,,1,69,25
"02/2017",29,,,,7,,21,,,45,25,191,47,,124,,,55,,,150,,,,166,67,,2,,7,,3,108,30
"03/2017",32,,,,9,,27,,,61,28,224,74,,149,,,71,,1,181,,,6,168,85,1,3,,4,,2,130,43
"04/2017",23,,,,9,,32,,,53,29,195,38,,149,,,68,,3,213,,,5,158,73,,3,,7,,6,207,78
"05/2017",28,,,,13,,32,,,52,33,206,41,,153,,,78,,2,164,,,6,195,83,,5,,7,,2,192,88
"06/2017",20,,,,10,,30,,,47,24,234,63,,167,,,70,1,3,188,,,9,186,92,,4,,13,,4,237,109
"07/2017",20,,,,12,,39,,,58,41,231,52,1,146,,,87,,,197,,,3,198,94,,4,,11,,4,284,103
"08/2017",23,,,,10,,34,,,57,29,219,53,,180,,,77,,,194,,,4,152,95,,3,,12,,6,218,104
"09/2017",29,,,,10,,36,,,59,28,213,62,,175,,,85,1,3,192,,,5,193,73,,2,,12,,8,242,120
"10/2017",19,,,,14,,20,,,55,29,214,55,,196,,,78,,2,190,,,3,180,80,,1,,8,,4,174,63
"11/2017",24,,,,11,,37,,,57,30,227,43,,178,,,69,,2,219,,,3,183,91,,11,,5,,3,93,34
"12/2017",40,,,,3,,33,,,67,26,232,49,,203,,,91,1,,198,,,3,177,77,,6,,4,,2,54,37
"01/2018",27,,,,15,,36,,,42,28,228,48,,147,,,66,,1,190,,,5,188,92,,2,,2,,1,60,35
"02/2018",18,1,,,6,,29,,,50,33,164,49,,134,,,52,,1,133,,,2,164,74,,1,,3,,2,78,31
"03/2018",32,1,,,12,,27,,,48,27,217,54,,159,,,59,,,185,,,3,162,103,,7,,6,,3,102,50
"04/2018",23,1,,,4,,31,,,55,32,189,52,,156,,,73,1,4,186,,,3,182,82,,4,,3,,6,142,50
"05/2018",20,,,,5,,28,,,53,28,216,58,,194,,,89,1,5,170,,,6,182,85,,5,,11,,4,209,79
"06/2018",16,,,,8,,28,,,30,20,197,54,,167,,,67,,3,179,,,3,158,96,,8,,10,,6,265,96
"07/2018",26,,,,12,,24,,,53,27,211,38,,148,,,95,,,190,,,6,164,65,,1,,12,,4,249,80
"08/2018",34,,,,7,,23,,,68,22,206,57,,138,,,65,,,169,,,6,174,85,,1,,7,,3,265,101
"09/2018",22,,,,19,,36,,,52,20,242,55,,173,,,66,,1,195,,,4,181,94,,4,,11,,8,235,77
"10/2018",13,,,,13,,41,,,51,27,227,58,,176,,,85,1,,218,,,5,181,73,,4,,7,,3,174,57
"11/2018",24,,,,9,,24,,,59,25,203,38,,169,,,65,,2,187,,,2,176,77,,2,,3,,1,71,44
"12/2018",24,1,,,8,,36,,,62,28,211,43,,158,,,68,,2,171,,,4,173,86,,4,,2,,2,67,32
"01/2019",19,,,,7,,26,,,41,25,179,41,,163,,,77,,1,153,,,5,163,78,,6,,4,,2,37,20
"02/2019",16,,,,9,,19,,,34,13,166,44,,138,,,66,,2,158,,,2,137,56,,4,,,,3,56,37
"03/2019",29,,,,16,,30,,,55,25,211,47,,169,,,64,,,170,,,3,169,68,,1,,2,,1,131,45
"04/2019",23,2,,,11,,32,,,32,25,187,29,,165,,,73,1,,154,,,7,149,65,,4,,8,,2,164,54
"05/2019",17,1,,,9,,33,,,52,25,197,46,,163,,,75,,,166,,,,156,92,,10,,12,,6,218,91
"06/2019",23,,,,6,,37,,,52,37,209,36,,161,,,60,,2,156,,,2,154,100,,3,,11,,8,265,98
"07/2019",20,,,,9,,35,,,45,26,182,51,,166,,,72,,,182,,,5,148,73,,2,,8,,4,259,114
"08/2019",18,,,,9,,33,,,56,30,216,51,,182,,,76,,1,145,,,9,172,85,,5,,7,,7,253,120
"09/2019",23,,,,11,,17,,,56,21,206,42,,156,,,78,,3,163,,,4,177,94,,4,,11,,10,265,86
"10/2019",27,,,,12,,32,,,52,22,194,35,,228,,,61,1,,195,,,7,204,79,,3,,8,,2,158,61
"11/2019",22,,,,8,,38,,,49,28,198,58,1,194,,,61,,2,190,,,5,167,93,,2,,4,,3,81,38
"12/2019",23,,,,14,,34,,,45,34,169,56,,185,,,68,,,171,,,6,155,89,,3,,2,,2,56,31
"01/2020",21,,,,11,,28,,,42,20,183,24,,171,,,69,,1,165,,,8,147,68,,4,,2,,4,63,22
"02/2020",21,2,,,14,,32,,,49,26,177,37,,171,,,76,,1,165,,,2,193,82,,6,,4,,1,74,35
"03/2020",20,,,,7,,22,,,34,17,185,39,,155,,,70,,2,131,,,1,151,65,,4,,4,,3,123,49
"04/2020",15,,,,9,,28,,,29,20,127,22,,113,,,57,,,122,,,1,146,57,,1,,3,,3,136,55
"05/2020",22,,,,8,,28,,,42,26,188,41,1,158,,,65,1,4,154,,,7,172,61,,3,,11,,6,205,89
"06/2020",30,1,,,15,,36,,,60,23,214,47,,194,,,70,1,2,220,,,3,213,105,,6,,7,,5,278,94
"07/2020",24,,,,12,,51,,,57,43,238,49,,193,,,81,,2,200,,,5,206,99,,4,,8,,10,270,116
"08/2020",40,,,,20,,42,,,52,29,215,38,1,201,,,90,,1,223,,,11,205,109,,7,,16,,7,298,120
"09/2020",29,,,,11,,48,,,50,29,225,56,,208,,,110,,,196,,,4,212,96,,5,,7,,5,265,113
"10/2020",21,,,,17,,46,,,44,28,242,53,,209,,,96,,2,208,,,11,219,107,,7,,4,,3,223,92
"11/2020",31,,,,17,,43,,,41,38,226,37,,220,,,86,,1,175,,,5,225,91,,5,,2,,5,146,51
"12/2020",22,1,,,12,,28,,,37,28,207,64,,206,,,78,,1,167,,,7,173,102,,7,,4,,4,66,35



"Publisher:", "National Highway Traffic Safety Administration"
"Copyright:", "The data contained in Data Planet(tm): A SAGE Publishing Resource is made available via license agreement with subscribing organizations. Your organization's license may vary from this version."